path,resolution,series,sys_id,img_id,format,date
2500/heartbleed_64_1301.jpg,2500,heartbleed,64,1301,jpg,2021-10-05
800/heartbleed_64_1301.jpg,800,heartbleed,64,1301,jpg,2021-10-05
2500/heartbleed_64_1302.jpg,2500,heartbleed,64,1302,jpg,2021-10-05
800/heartbleed_64_1302.jpg,800,heartbleed,64,1302,jpg,2021-10-05
2500/heartbleed_64_1303.jpg,2500,heartbleed,64,1303,jpg,2021-10-05
800/heartbleed_64_1303.jpg,800,heartbleed,64,1303,jpg,2021-10-05
2500/heartbleed_64_1309.jpg,2500,heartbleed,64,1309,jpg,2021-10-05
800/heartbleed_64_1309.jpg,800,heartbleed,64,1309,jpg,2021-10-05
2500/heartbleed_64_1310.jpg,2500,heartbleed,64,1310,jpg,2021-10-05
800/heartbleed_64_1310.jpg,800,heartbleed,64,1310,jpg,2021-10-05
2500/heartbleed_64_1311.jpg,2500,heartbleed,64,1311,jpg,2021-10-05
800/heartbleed_64_1311.jpg,800,heartbleed,64,1311,jpg,2021-10-05
2500/heartbleed_64_1314.jpg,2500,heartbleed,64,1314,jpg,2021-10-05
800/heartbleed_64_1314.jpg,800,heartbleed,64,1314,jpg,2021-10-05
2500/heartbleed_64_1319.jpg,2500,heartbleed,64,1319,jpg,2021-10-05
800/heartbleed_64_1319.jpg,800,heartbleed,64,1319,jpg,2021-10-05
2500/heartbleed_64_1322.jpg,2500,heartbleed,64,1322,jpg,2021-10-05
800/heartbleed_64_1322.jpg,800,heartbleed,64,1322,jpg,2021-10-05
2500/heartbleed_64_1324.jpg,2500,heartbleed,64,1324,jpg,2021-10-05
800/heartbleed_64_1324.jpg,800,heartbleed,64,1324,jpg,2021-10-05
2500/heartbleed_64_1326.jpg,2500,heartbleed,64,1326,jpg,2021-10-05
800/heartbleed_64_1326.jpg,800,heartbleed,64,1326,jpg,2021-10-05
2500/heartbleed_64_1329.jpg,2500,heartbleed,64,1329,jpg,2021-10-05
800/heartbleed_64_1329.jpg,800,heartbleed,64,1329,jpg,2021-10-05
2500/heartbleed_64_1331.jpg,2500,heartbleed,64,1331,jpg,2021-10-05
800/heartbleed_64_1331.jpg,800,heartbleed,64,1331,jpg,2021-10-05
2500/heartbleed_64_1334.jpg,2500,heartbleed,64,1334,jpg,2021-10-05
800/heartbleed_64_1334.jpg,800,heartbleed,64,1334,jpg,2021-10-05
2500/heartbleed_64_1337.jpg,2500,heartbleed,64,1337,jpg,2021-10-05
800/heartbleed_64_1337.jpg,800,heartbleed,64,1337,jpg,2021-10-05
2500/heartbleed_64_1338.jpg,2500,heartbleed,64,1338,jpg,2021-10-05
800/heartbleed_64_1338.jpg,800,heartbleed,64,1338,jpg,2021-10-05
2500/heartbleed_64_1341.jpg,2500,heartbleed,64,1341,jpg,2021-10-05
800/heartbleed_64_1341.jpg,800,heartbleed,64,1341,jpg,2021-10-05
2500/heartbleed_64_1344.jpg,2500,heartbleed,64,1344,jpg,2021-10-05
800/heartbleed_64_1344.jpg,800,heartbleed,64,1344,jpg,2021-10-05
2500/heartbleed_64_1345.jpg,2500,heartbleed,64,1345,jpg,2021-10-05
800/heartbleed_64_1345.jpg,800,heartbleed,64,1345,jpg,2021-10-05
2500/heartbleed_64_1347.jpg,2500,heartbleed,64,1347,jpg,2021-10-05
800/heartbleed_64_1347.jpg,800,heartbleed,64,1347,jpg,2021-10-05
2500/heartbleed_65_1403.jpg,2500,heartbleed,65,1403,jpg,2021-10-05
800/heartbleed_65_1403.jpg,800,heartbleed,65,1403,jpg,2021-10-05
2500/heartbleed_65_1405.jpg,2500,heartbleed,65,1405,jpg,2021-10-05
800/heartbleed_65_1405.jpg,800,heartbleed,65,1405,jpg,2021-10-05
2500/heartbleed_65_1409.jpg,2500,heartbleed,65,1409,jpg,2021-10-05
800/heartbleed_65_1409.jpg,800,heartbleed,65,1409,jpg,2021-10-05
2500/heartbleed_65_1410.jpg,2500,heartbleed,65,1410,jpg,2021-10-05
800/heartbleed_65_1410.jpg,800,heartbleed,65,1410,jpg,2021-10-05
2500/heartbleed_65_1413.jpg,2500,heartbleed,65,1413,jpg,2021-10-05
800/heartbleed_65_1413.jpg,800,heartbleed,65,1413,jpg,2021-10-05
2500/heartbleed_65_1414.jpg,2500,heartbleed,65,1414,jpg,2021-10-05
800/heartbleed_65_1414.jpg,800,heartbleed,65,1414,jpg,2021-10-05
2500/heartbleed_65_1415.jpg,2500,heartbleed,65,1415,jpg,2021-10-05
800/heartbleed_65_1415.jpg,800,heartbleed,65,1415,jpg,2021-10-05
2500/heartbleed_65_1420.jpg,2500,heartbleed,65,1420,jpg,2021-10-05
800/heartbleed_65_1420.jpg,800,heartbleed,65,1420,jpg,2021-10-05
2500/heartbleed_65_1421.jpg,2500,heartbleed,65,1421,jpg,2021-10-05
800/heartbleed_65_1421.jpg,800,heartbleed,65,1421,jpg,2021-10-05
2500/heartbleed_65_1422.jpg,2500,heartbleed,65,1422,jpg,2021-10-05
800/heartbleed_65_1422.jpg,800,heartbleed,65,1422,jpg,2021-10-05
2500/heartbleed_65_1423.jpg,2500,heartbleed,65,1423,jpg,2021-10-05
800/heartbleed_65_1423.jpg,800,heartbleed,65,1423,jpg,2021-10-05
2500/heartbleed_65_1425.jpg,2500,heartbleed,65,1425,jpg,2021-10-05
800/heartbleed_65_1425.jpg,800,heartbleed,65,1425,jpg,2021-10-05
2500/heartbleed_65_1430.jpg,2500,heartbleed,65,1430,jpg,2021-10-05
800/heartbleed_65_1430.jpg,800,heartbleed,65,1430,jpg,2021-10-05
2500/heartbleed_65_1433.jpg,2500,heartbleed,65,1433,jpg,2021-10-05
800/heartbleed_65_1433.jpg,800,heartbleed,65,1433,jpg,2021-10-05
2500/heartbleed_65_1435.jpg,2500,heartbleed,65,1435,jpg,2021-10-05
800/heartbleed_65_1435.jpg,800,heartbleed,65,1435,jpg,2021-10-05
2500/heartbleed_65_1436.jpg,2500,heartbleed,65,1436,jpg,2021-10-05
800/heartbleed_65_1436.jpg,800,heartbleed,65,1436,jpg,2021-10-05
2500/heartbleed_65_1437.jpg,2500,heartbleed,65,1437,jpg,2021-10-05
800/heartbleed_65_1437.jpg,800,heartbleed,65,1437,jpg,2021-10-05
2500/heartbleed_65_1438.jpg,2500,heartbleed,65,1438,jpg,2021-10-05
800/heartbleed_65_1438.jpg,800,heartbleed,65,1438,jpg,2021-10-05
2500/heartbleed_65_1440.jpg,2500,heartbleed,65,1440,jpg,2021-10-05
800/heartbleed_65_1440.jpg,800,heartbleed,65,1440,jpg,2021-10-05
2500/heartbleed_65_1441.jpg,2500,heartbleed,65,1441,jpg,2021-10-05
800/heartbleed_65_1441.jpg,800,heartbleed,65,1441,jpg,2021-10-05
2500/heartbleed_65_1445.jpg,2500,heartbleed,65,1445,jpg,2021-10-05
800/heartbleed_65_1445.jpg,800,heartbleed,65,1445,jpg,2021-10-05
2500/heartbleed_65_1446.jpg,2500,heartbleed,65,1446,jpg,2021-10-05
800/heartbleed_65_1446.jpg,800,heartbleed,65,1446,jpg,2021-10-05
2500/heartbleed_65_1447.jpg,2500,heartbleed,65,1447,jpg,2021-10-05
800/heartbleed_65_1447.jpg,800,heartbleed,65,1447,jpg,2021-10-05
2500/heartbleed_65_1448.jpg,2500,heartbleed,65,1448,jpg,2021-10-05
800/heartbleed_65_1448.jpg,800,heartbleed,65,1448,jpg,2021-10-05
2500/heartbleed_65_1450.jpg,2500,heartbleed,65,1450,jpg,2021-10-05
800/heartbleed_65_1450.jpg,800,heartbleed,65,1450,jpg,2021-10-05
2500/heartbleed_65_1453.jpg,2500,heartbleed,65,1453,jpg,2021-10-05
800/heartbleed_65_1453.jpg,800,heartbleed,65,1453,jpg,2021-10-05
2500/heartbleed_65_1456.jpg,2500,heartbleed,65,1456,jpg,2021-10-05
800/heartbleed_65_1456.jpg,800,heartbleed,65,1456,jpg,2021-10-05
2500/heartbleed_65_1460.jpg,2500,heartbleed,65,1460,jpg,2021-10-05
800/heartbleed_65_1460.jpg,800,heartbleed,65,1460,jpg,2021-10-05
2500/heartbleed_65_1463.jpg,2500,heartbleed,65,1463,jpg,2021-10-05
800/heartbleed_65_1463.jpg,800,heartbleed,65,1463,jpg,2021-10-05
2500/heartbleed_65_1465.jpg,2500,heartbleed,65,1465,jpg,2021-10-05
800/heartbleed_65_1465.jpg,800,heartbleed,65,1465,jpg,2021-10-05
2500/heartbleed_65_1467.jpg,2500,heartbleed,65,1467,jpg,2021-10-05
800/heartbleed_65_1467.jpg,800,heartbleed,65,1467,jpg,2021-10-05
2500/heartbleed_65_1469.jpg,2500,heartbleed,65,1469,jpg,2021-10-05
800/heartbleed_65_1469.jpg,800,heartbleed,65,1469,jpg,2021-10-05
2500/heartbleed_65_1474.jpg,2500,heartbleed,65,1474,jpg,2021-10-05
800/heartbleed_65_1474.jpg,800,heartbleed,65,1474,jpg,2021-10-05
2500/heartbleed_65_1475.jpg,2500,heartbleed,65,1475,jpg,2021-10-05
800/heartbleed_65_1475.jpg,800,heartbleed,65,1475,jpg,2021-10-05
2500/heartbleed_65_1476.jpg,2500,heartbleed,65,1476,jpg,2021-10-05
800/heartbleed_65_1476.jpg,800,heartbleed,65,1476,jpg,2021-10-05
2500/heartbleed_65_1477.jpg,2500,heartbleed,65,1477,jpg,2021-10-05
800/heartbleed_65_1477.jpg,800,heartbleed,65,1477,jpg,2021-10-05
2500/heartbleed_65_1482.jpg,2500,heartbleed,65,1482,jpg,2021-10-05
800/heartbleed_65_1482.jpg,800,heartbleed,65,1482,jpg,2021-10-05
2500/heartbleed_65_1485.jpg,2500,heartbleed,65,1485,jpg,2021-10-05
800/heartbleed_65_1485.jpg,800,heartbleed,65,1485,jpg,2021-10-05
2500/heartbleed_65_1488.jpg,2500,heartbleed,65,1488,jpg,2021-10-05
800/heartbleed_65_1488.jpg,800,heartbleed,65,1488,jpg,2021-10-05
2500/heartbleed_65_1491.jpg,2500,heartbleed,65,1491,jpg,2021-10-05
800/heartbleed_65_1491.jpg,800,heartbleed,65,1491,jpg,2021-10-05
2500/heartbleed_65_1492.jpg,2500,heartbleed,65,1492,jpg,2021-10-05
800/heartbleed_65_1492.jpg,800,heartbleed,65,1492,jpg,2021-10-05
2500/heartbleed_65_1495.jpg,2500,heartbleed,65,1495,jpg,2021-10-05
800/heartbleed_65_1495.jpg,800,heartbleed,65,1495,jpg,2021-10-05
2500/heartbleed_65_1496.jpg,2500,heartbleed,65,1496,jpg,2021-10-05
800/heartbleed_65_1496.jpg,800,heartbleed,65,1496,jpg,2021-10-05
2500/heartbleed_65_1497.jpg,2500,heartbleed,65,1497,jpg,2021-10-05
800/heartbleed_65_1497.jpg,800,heartbleed,65,1497,jpg,2021-10-05
2500/heartbleed_65_1499.jpg,2500,heartbleed,65,1499,jpg,2021-10-05
800/heartbleed_65_1499.jpg,800,heartbleed,65,1499,jpg,2021-10-05
2500/heartbleed_66_1500.jpg,2500,heartbleed,66,1500,jpg,2021-10-05
800/heartbleed_66_1500.jpg,800,heartbleed,66,1500,jpg,2021-10-05
2500/heartbleed_66_1501.jpg,2500,heartbleed,66,1501,jpg,2021-10-05
800/heartbleed_66_1501.jpg,800,heartbleed,66,1501,jpg,2021-10-05
2500/heartbleed_66_1502.jpg,2500,heartbleed,66,1502,jpg,2021-10-05
800/heartbleed_66_1502.jpg,800,heartbleed,66,1502,jpg,2021-10-05
2500/heartbleed_66_1503.jpg,2500,heartbleed,66,1503,jpg,2021-10-05
800/heartbleed_66_1503.jpg,800,heartbleed,66,1503,jpg,2021-10-05
2500/heartbleed_66_1505.jpg,2500,heartbleed,66,1505,jpg,2021-10-05
800/heartbleed_66_1505.jpg,800,heartbleed,66,1505,jpg,2021-10-05
2500/heartbleed_67_1513.jpg,2500,heartbleed,67,1513,jpg,2021-10-05
800/heartbleed_67_1513.jpg,800,heartbleed,67,1513,jpg,2021-10-05
2500/heartbleed_67_1517.jpg,2500,heartbleed,67,1517,jpg,2021-10-05
800/heartbleed_67_1517.jpg,800,heartbleed,67,1517,jpg,2021-10-05
2500/heartbleed_67_1538.jpg,2500,heartbleed,67,1538,jpg,2021-10-05
800/heartbleed_67_1538.jpg,800,heartbleed,67,1538,jpg,2021-10-05
2500/heartbleed_67_1541.jpg,2500,heartbleed,67,1541,jpg,2021-10-05
800/heartbleed_67_1541.jpg,800,heartbleed,67,1541,jpg,2021-10-05
2500/heartbleed_67_1542.jpg,2500,heartbleed,67,1542,jpg,2021-10-05
800/heartbleed_67_1542.jpg,800,heartbleed,67,1542,jpg,2021-10-05
2500/heartbleed_67_1552.jpg,2500,heartbleed,67,1552,jpg,2021-10-05
800/heartbleed_67_1552.jpg,800,heartbleed,67,1552,jpg,2021-10-05
2500/heartbleed_67_1554.jpg,2500,heartbleed,67,1554,jpg,2021-10-05
800/heartbleed_67_1554.jpg,800,heartbleed,67,1554,jpg,2021-10-05
2500/heartbleed_67_1555.jpg,2500,heartbleed,67,1555,jpg,2021-10-05
800/heartbleed_67_1555.jpg,800,heartbleed,67,1555,jpg,2021-10-05
2500/heartbleed_67_1558.jpg,2500,heartbleed,67,1558,jpg,2021-10-05
800/heartbleed_67_1558.jpg,800,heartbleed,67,1558,jpg,2021-10-05
2500/heartbleed_67_1562.jpg,2500,heartbleed,67,1562,jpg,2021-10-05
800/heartbleed_67_1562.jpg,800,heartbleed,67,1562,jpg,2021-10-05
2500/heartbleed_67_1564.jpg,2500,heartbleed,67,1564,jpg,2021-10-05
800/heartbleed_67_1564.jpg,800,heartbleed,67,1564,jpg,2021-10-05
2500/heartbleed_67_1566.jpg,2500,heartbleed,67,1566,jpg,2021-10-05
800/heartbleed_67_1566.jpg,800,heartbleed,67,1566,jpg,2021-10-05
2500/heartbleed_67_1570.jpg,2500,heartbleed,67,1570,jpg,2021-10-05
800/heartbleed_67_1570.jpg,800,heartbleed,67,1570,jpg,2021-10-05
2500/heartbleed_67_1571.jpg,2500,heartbleed,67,1571,jpg,2021-10-05
800/heartbleed_67_1571.jpg,800,heartbleed,67,1571,jpg,2021-10-05
2500/heartbleed_67_1576.jpg,2500,heartbleed,67,1576,jpg,2021-10-05
800/heartbleed_67_1576.jpg,800,heartbleed,67,1576,jpg,2021-10-05
2500/heartbleed_67_1579.jpg,2500,heartbleed,67,1579,jpg,2021-10-05
800/heartbleed_67_1579.jpg,800,heartbleed,67,1579,jpg,2021-10-05
2500/heartbleed_67_1582.jpg,2500,heartbleed,67,1582,jpg,2021-10-05
800/heartbleed_67_1582.jpg,800,heartbleed,67,1582,jpg,2021-10-05
2500/heartbleed_67_1583.jpg,2500,heartbleed,67,1583,jpg,2021-10-05
800/heartbleed_67_1583.jpg,800,heartbleed,67,1583,jpg,2021-10-05
2500/heartbleed_67_1585.jpg,2500,heartbleed,67,1585,jpg,2021-10-05
800/heartbleed_67_1585.jpg,800,heartbleed,67,1585,jpg,2021-10-05
2500/heartbleed_67_1586.jpg,2500,heartbleed,67,1586,jpg,2021-10-05
800/heartbleed_67_1586.jpg,800,heartbleed,67,1586,jpg,2021-10-05
2500/heartbleed_67_1587.jpg,2500,heartbleed,67,1587,jpg,2021-10-05
800/heartbleed_67_1587.jpg,800,heartbleed,67,1587,jpg,2021-10-05
2500/heartbleed_67_1588.jpg,2500,heartbleed,67,1588,jpg,2021-10-05
800/heartbleed_67_1588.jpg,800,heartbleed,67,1588,jpg,2021-10-05
2500/heartbleed_67_1589.jpg,2500,heartbleed,67,1589,jpg,2021-10-05
800/heartbleed_67_1589.jpg,800,heartbleed,67,1589,jpg,2021-10-05
2500/heartbleed_67_1590.jpg,2500,heartbleed,67,1590,jpg,2021-10-05
800/heartbleed_67_1590.jpg,800,heartbleed,67,1590,jpg,2021-10-05
2500/heartbleed_67_1591.jpg,2500,heartbleed,67,1591,jpg,2021-10-05
800/heartbleed_67_1591.jpg,800,heartbleed,67,1591,jpg,2021-10-05
2500/heartbleed_67_1594.jpg,2500,heartbleed,67,1594,jpg,2021-10-05
800/heartbleed_67_1594.jpg,800,heartbleed,67,1594,jpg,2021-10-05
2500/heartbleed_67_1596.jpg,2500,heartbleed,67,1596,jpg,2021-10-05
800/heartbleed_67_1596.jpg,800,heartbleed,67,1596,jpg,2021-10-05
2500/heartbleed_67_1598.jpg,2500,heartbleed,67,1598,jpg,2021-10-05
800/heartbleed_67_1598.jpg,800,heartbleed,67,1598,jpg,2021-10-05
2500/heartbleed_67_1599.jpg,2500,heartbleed,67,1599,jpg,2021-10-05
800/heartbleed_67_1599.jpg,800,heartbleed,67,1599,jpg,2021-10-05
